<?xml version="1.0" encoding="UTF-8"?>
<html xmlns="http://www.w3.org/1999/xhtml"
    xmlns:ev="http://www.w3.org/2001/xml-events"
    xmlns:w2="http://www.inswave.com/websquare" xmlns:xf="http://www.w3.org/2002/xforms">
    <head>
        <w2:type>COMPONENT</w2:type>
        <w2:buildDate/>
        <w2:MSA/>
        <xf:model>
            <w2:dataCollection baseNode="map">
            	<w2:dataList baseNode="list" repeatNode="map" id="dataList3" saveRemovedData="true">
            		<w2:columnInfo>
            			<w2:column id="col1" name="name1" dataType="text"></w2:column>
            			<w2:column id="col2" name="name2" dataType="text"></w2:column>
            			<w2:column id="col3" name="name3" dataType="text"></w2:column>
            		</w2:columnInfo>
            		<w2:data use="true">
            			<w2:row></w2:row>
            			<w2:row></w2:row>
            			<w2:row></w2:row>
            			<w2:row></w2:row>
            			<w2:row></w2:row>
            		</w2:data>
            	</w2:dataList>
            	<w2:dataList baseNode="list" id="dataList1" repeatNode="map" saveRemovedData="true" style="">
            		<w2:columnInfo>
            			<w2:column dataType="text" encYN="true" id="col1" name="타이틀"></w2:column>
            			<w2:column dataType="text" id="col2" name="이름"></w2:column>
            			<w2:column dataType="text" id="col3" name="주소"></w2:column>
            			<w2:column dataType="text" id="col4" name="날짜"></w2:column>
            			<w2:column dataType="text" id="col5" name="금액"></w2:column>
            		</w2:columnInfo>
            		<w2:data use="true">
            			<w2:row>
            				<col1><![CDATA[금일 일정 안내입니다.]]></col1>
            				<col2><![CDATA[홍길동]]></col2>
            				<col3><![CDATA[서울시 공항대로]]></col3>
            				<col4><![CDATA[2022-12-10]]></col4>
            				<col5><![CDATA[100,000]]></col5>
            			</w2:row>
            			<w2:row>
            				<col1><![CDATA[금일 일정 안내입니다.]]></col1>
            				<col2><![CDATA[홍길동]]></col2>
            				<col3><![CDATA[서울시 공항대로]]></col3>
            				<col4><![CDATA[2022-12-11]]></col4>
            				<col5><![CDATA[120,000]]></col5>
            			</w2:row>
            			<w2:row></w2:row>
            			<w2:row></w2:row>
            			<w2:row></w2:row>
            		</w2:data>
            	</w2:dataList>
            </w2:dataCollection>
            <w2:workflowCollection/>
        </xf:model>
        <w2:layoutInfo/>
        <w2:publicInfo method=""/>
        <script lazy="false" type="text/javascript"><![CDATA[
scwin.onpageload = function() {
	
};
]]></script>
    </head>
    <body ev:onpageload="scwin.onpageload">
    	<xf:group class="top_box" id="" style="" tagname="">
    		<w2:textbox class="con_tit" id="" label="Button" style=""></w2:textbox>
    		<w2:textbox class="con_txt" escape="false" id="" label="WDS에서 사용되는 버튼 스타일입니다. "
    			style="">
    		</w2:textbox>
    		<xf:group class="" id="primary" style=""></xf:group>
    		<xf:group class="tab_anchor" id="" style="" tagname="ul">
    			<xf:group class="on" id="" tagname="li">
    				<w2:anchor class="" id="" outerDiv="false" style="">
    					<xf:label><![CDATA[Examples]]></xf:label>
    				</w2:anchor>
    			</xf:group>
    			<xf:group id="" tagname="li">
    				<w2:anchor id="" outerDiv="false" style="">
    					<xf:label><![CDATA[Snippet]]></xf:label>
    				</w2:anchor>
    			</xf:group>
    			<xf:group id="" tagname="li">
    				<w2:anchor id="" outerDiv="false" style="">
    					<xf:label><![CDATA[Dark Theme]]></xf:label>
    				</w2:anchor>
    			</xf:group>
    		</xf:group>
    	</xf:group>
    	<xf:group class="contbox" id="" style="">
    		<xf:group class="subtitbox" id="" style="" tagname="">
    			<w2:textbox class="subtit" id="" label="Button Default" style=""></w2:textbox>
    		</xf:group>
    		<w2:textbox class="subtxt" escape="false" id="" label="가장 기본이 되는 버튼입니다. 일반적인 상황에 사용합니다." style=""></w2:textbox>
    		<xf:group class="lybox col4" id="" style="">
    			<xf:group class="ly_column" id="" style="">
    				<xf:group class="dfbox" id="" style="">
    					<w2:textbox class="" id="" label="Normal" style="" tagname="h3"></w2:textbox>
    				</xf:group>
    				<xf:trigger class="btn_cm" id="" style="" type="button">
    					<xf:label><![CDATA[Button default]]></xf:label>
    				</xf:trigger>
    			</xf:group>
    			<xf:group class="ly_column" id="" style="">
    				<xf:group class="dfbox" id="" style="">
    					<w2:textbox class="" id="" label="Hover" style="" tagname="h3"></w2:textbox>
    				</xf:group>
    				<xf:trigger class="btn_cm btn_cm_focus" id="" style="" type="button">
    					<xf:label><![CDATA[Button default]]></xf:label>
    				</xf:trigger>
    			</xf:group>
    			<xf:group class="ly_column" id="" style="">
    				<xf:group class="dfbox" id="" style="">
    					<w2:textbox class="" id="" label="Active" style="" tagname="h3"></w2:textbox>
    				</xf:group>
    				<xf:trigger class="btn_cm btn_cm_active" id="" style="" type="button">
    					<xf:label><![CDATA[Button default]]></xf:label>
    				</xf:trigger>
    			</xf:group>
    			<xf:group class="ly_column" id="" style="">
    				<xf:group class="dfbox" id="" style="">
    					<w2:textbox class="" id="" label="Disabled" style="" tagname="h3"></w2:textbox>
    				</xf:group>
    				<xf:trigger class="btn_cm" id="" style="" type="button" disabled="true">
    					<xf:label><![CDATA[Button default]]></xf:label>
    				</xf:trigger>
    			</xf:group>
    		</xf:group>
    		<xf:group class="line_gray" id="group4" style="" tagname="hr"></xf:group>
    		<xf:group class="subtitbox" id="" style="" tagname="">
    			<w2:textbox class="subtit" id="" label="Primary" style=""></w2:textbox>
    		</xf:group>
    		<w2:textbox class="subtxt" escape="false" id="" label="해당 페이지의 키액션 등에 사용하는 버튼입니다. 한 페이지에 한 번만 쓰입니다." style=""></w2:textbox>
    		<xf:group class="lybox col4" id="" style="">
    			<xf:group class="ly_column" id="" style="">
    				<xf:group class="dfbox" id="" style="">
    					<w2:textbox class="" id="" label="Normal" style="" tagname="h3"></w2:textbox>
    				</xf:group>
    				<xf:group id="" class="btnbox">
    					<xf:trigger style="" id="" type="button" class="btn_cm pt">
    						<xf:label><![CDATA[Button primary]]></xf:label>
    					</xf:trigger>
    				</xf:group>
    			</xf:group>
    			<xf:group class="ly_column" id="" style="">
    				<xf:group class="dfbox" id="" style="">
    					<w2:textbox class="" id="" label="Hover" style="" tagname="h3"></w2:textbox>
    				</xf:group>
    				<xf:group class="btnbox" id="" style="">
    					<xf:trigger class="btn_cm pt pt_hover" id="" style="" type="button">
    						<xf:label><![CDATA[Button primary]]></xf:label>
    					</xf:trigger>
    				</xf:group>
    			</xf:group>
    			<xf:group class="ly_column" id="" style="">
    				<xf:group class="dfbox" id="" style="">
    					<w2:textbox class="" id="" label="Active" style="" tagname="h3"></w2:textbox>
    				</xf:group>
    				<xf:group class="btnbox" id="" style="">
    					<xf:trigger class="btn_cm pt pt_active" id="" style="" type="button">
    						<xf:label><![CDATA[Button primary]]></xf:label>
    					</xf:trigger>
    				</xf:group>
    			</xf:group>
    			<xf:group class="ly_column" id="" style="">
    				<xf:group class="dfbox" id="" style="">
    					<w2:textbox class="" id="" label="Disabled" style="" tagname="h3"></w2:textbox>
    				</xf:group>
    				<xf:group class="btnbox" id="" style="">
    					<xf:trigger class="btn_cm pt" id="" style="" type="button" disabled="true">
    						<xf:label><![CDATA[Button primary]]></xf:label>
    					</xf:trigger>
    				</xf:group>
    			</xf:group>
    		</xf:group>

    		<xf:group class="line_gray" id="group5" style="" tagname="hr"></xf:group>
    		<xf:group class="subtitbox" id="" style="" tagname="">
    			<w2:textbox class="subtit" id="" label="Pattern" style=""></w2:textbox>
    		</xf:group>
    		<w2:textbox class="subtxt" escape="false" id="" label="아이콘의 유무에 따라 Icon + Text, Text Only, Icon Only 3가지 패턴을 제공합니다." style="">
    		</w2:textbox>
    		<xf:group class="lybox col4" id="" style="">
    			<xf:group class="ly_column" id="" style="">
    				<xf:group class="dfbox" id="" style="">
    					<w2:textbox class="" id="" label="Icon + Text" style="" tagname="h3"></w2:textbox>
    				</xf:group>
    				<xf:trigger class="btn_cm  upload" id="" style="" type="button">
    					<xf:label><![CDATA[업로드]]></xf:label>
    				</xf:trigger>
    				<xf:trigger class="btn_cm download" id="" style="" type="button">
    					<xf:label><![CDATA[다운로드]]></xf:label>
    				</xf:trigger>


    			</xf:group>
    			<xf:group class="ly_column" id="" style="">
    				<xf:group class="dfbox" id="" style="">
    					<w2:textbox class="" id="" label="Text Only" style="" tagname="h3"></w2:textbox>
    				</xf:group>
    				<xf:trigger class="btn_cm" id="" style="" type="button">
    					<xf:label><![CDATA[Button default]]></xf:label>
    				</xf:trigger>
    			</xf:group>
    			<xf:group class="ly_column" id="" style="">
    				<xf:group class="dfbox" id="" style="">
    					<w2:textbox class="" id="" label="Icon Only" style="" tagname="h3"></w2:textbox>
    				</xf:group>
    				<xf:trigger anchorWithGroupClass="" class="btn_cm btn_search" id="" style="" type="button">
    					<xf:label><![CDATA[Search]]></xf:label>
    				</xf:trigger>
    				<xf:trigger anchorWithGroupClass="" class="btn_cm btn_delete" id="" style="" type="button">
    					<xf:label><![CDATA[Delete]]></xf:label>
    				</xf:trigger>
    			</xf:group>
    			<xf:group class="ly_column" id="" style=""></xf:group>
    		</xf:group>
    		<xf:group class="line_gray" id="group6" style="" tagname="hr"></xf:group>
    		<xf:group class="subtitbox" id="" style="" tagname="">
    			<w2:textbox class="subtit" id="" label="배치" style=""></w2:textbox>
    		</xf:group>
    		<w2:textbox class="subtxt" escape="false" id=""
    			label="· 버튼은 업무처리의 흐름에 따라 배치합니다.&lt;br/&gt;· 화면 전체를 제어하는 버튼은 화면의 하단 우측에 배치합니다.&lt;br/&gt;" style="">
    		</w2:textbox>
    		<xf:group class="subtitbox" id="" style="" tagname=""></xf:group>
    		<xf:group class="pgtbox" id="" style="">
    			<xf:trigger class="btn_fav" id="" style="" type="button">
    				<xf:label></xf:label>
    			</xf:trigger>
    			<w2:textbox class="pgt_tit" id="" label="화면타이틀" style="" tagname=""></w2:textbox>
    		</xf:group>
    		<xf:group class="shbox" id="" style="">
    			<xf:group class="shbox_inner" id="" style="">
    				<xf:group adaptive="layout" adaptiveThreshold="768" class="w2tb tb " id="" style="" tagname="table">
    					<w2:attributes>
    						<w2:summary></w2:summary>
    					</w2:attributes>
    					<xf:group tagname="colgroup">
    						<xf:group style="width:100px;" tagname="col"></xf:group>
    						<xf:group style="" tagname="col"></xf:group>
    						<xf:group style="width:100px;" tagname="col"></xf:group>
    						<xf:group style="" tagname="col"></xf:group>
    					</xf:group>
    					<xf:group class="" id="" style="" tagname="tr">
    						<xf:group class="w2tb_th" style="" tagname="th">
    							<w2:textbox class="req" id="" label="조회조건" style=""></w2:textbox>
    						</xf:group>
    						<xf:group class="w2tb_td" style="" tagname="td">
    							<xf:select1 allOption="true" appearance="minimal" chooseOption="" class="" direction="auto" disabled="false"
    								disabledClass="w2selectbox_disabled" id="" ref="" renderType="" style="width:100px;" submenuSize="auto">
    								<xf:choices>
    									<xf:item>
    										<xf:label><![CDATA[new row]]></xf:label>
    										<xf:value></xf:value>
    									</xf:item>
    									<xf:item>
    										<xf:label><![CDATA[new row]]></xf:label>
    										<xf:value></xf:value>
    									</xf:item>
    									<xf:item>
    										<xf:label><![CDATA[new row]]></xf:label>
    										<xf:value></xf:value>
    									</xf:item>
    								</xf:choices>
    							</xf:select1>
    							<xf:select1 allOption="true" appearance="minimal" chooseOption="" class="" direction="auto" disabled="false"
    								disabledClass="w2selectbox_disabled" id="" ref="" renderType="" style="width:100px;" submenuSize="auto">
    								<xf:choices>
    									<xf:item>
    										<xf:label><![CDATA[new row]]></xf:label>
    										<xf:value></xf:value>
    									</xf:item>
    									<xf:item>
    										<xf:label><![CDATA[new row]]></xf:label>
    										<xf:value></xf:value>
    									</xf:item>
    									<xf:item>
    										<xf:label><![CDATA[new row]]></xf:label>
    										<xf:value></xf:value>
    									</xf:item>
    								</xf:choices>
    							</xf:select1>
    							<xf:trigger class="btn_cm " id="" style="" type="button">
    								<xf:label><![CDATA[조회]]></xf:label>
    							</xf:trigger>
    						</xf:group>
    						<xf:group class="w2tb_th" style="" tagname="th">
    							<w2:textbox class="" id="" label="조회조건" style=""></w2:textbox>
    						</xf:group>
    						<xf:group class="w2tb_td" id="" style="" tagname="td">
    							<xf:select1 appearance="full" cols="" disabled="" id="" ref="" renderType="radiogroup" rows=""
    								selectedIndex="1" style="">
    								<xf:choices>
    									<xf:item>
    										<xf:label><![CDATA[항목1]]></xf:label>
    										<xf:value></xf:value>
    									</xf:item>
    									<xf:item>
    										<xf:label><![CDATA[항목2]]></xf:label>
    										<xf:value></xf:value>
    									</xf:item>
    									<xf:item>
    										<xf:label><![CDATA[항목3]]></xf:label>
    										<xf:value></xf:value>
    									</xf:item>
    								</xf:choices>
    							</xf:select1>
    						</xf:group>
    					</xf:group>
    				</xf:group>
    			</xf:group>
    			<xf:group class="btn_shbox" id="" style="">
    				<xf:trigger class="btn_cm sch" disabled="" escape="false" id="" style="" type="button">
    					<xf:label><![CDATA[조회]]></xf:label>
    				</xf:trigger>
    			</xf:group>
    		</xf:group>
    		<xf:group class="dfbox" id="" style="">
    			<w2:textbox class="" id="" label="서브타이틀" style="" tagname="h3"></w2:textbox>
    			<xf:group class="fr" id="" style="">
    				<xf:trigger class="btn_cm  copy" id="" style="" type="button">
    					<xf:label><![CDATA[행복사]]></xf:label>
    				</xf:trigger>
    				<xf:trigger class="btn_cm  row_add" id="" style="" type="button">
    					<xf:label><![CDATA[행추가]]></xf:label>
    				</xf:trigger>
    				<xf:trigger class="btn_cm  row_del" id="" style="" type="button">
    					<xf:label><![CDATA[행삭제]]></xf:label>
    				</xf:trigger>
    				<xf:trigger class="btn_cm  upload" id="" style="" type="button">
    					<xf:label><![CDATA[업로드]]></xf:label>
    				</xf:trigger>
    				<xf:trigger class="btn_cm download" id="" style="" type="button">
    					<xf:label><![CDATA[다운로드]]></xf:label>
    				</xf:trigger>
    				<xf:trigger class="btn_cm " id="" style="" type="button">
    					<xf:label><![CDATA[업무버튼]]></xf:label>
    				</xf:trigger>
    				<xf:trigger class="btn_cm " id="" style="" type="button">
    					<xf:label><![CDATA[업무버튼]]></xf:label>
    				</xf:trigger>
    			</xf:group>
    		</xf:group>
    		<xf:group adaptiveThreshold="" class="gvwbox" id="" style="">
    			<w2:gridView autoFit="allColumn" captionTitle="" checkReadOnlyOnCut="" class="wq_gvw"
    				dataList="data:dataList1" defaultCellHeight="26" evenRowBackgroundColor="" filterFocusMode="" id="" keepDefaultColumnWidth="true"
    				oddRowBackgroundColor="" overflowX="" rowNumBackgroundColor="" rowNumHeaderValue="No" rowNumVisible="" rowNumWidth=""
    				rowStatusHeaderValue="" rowStatusVisible="" rowStatusWidth="50" scrollByColumn="false" scrollByColumnAdaptive="false"
    				selectedCellColor="" selectedCellOverColor="" style="height:150px;" titleAuto="true" visibleRowNum="10">
    				<w2:caption id="caption2" style="" value="this is a grid caption."></w2:caption>
    				<w2:header id="header2" style="">
    					<w2:row id="row3" style="">
    						<w2:column class="" displayMode="label" id="column15" inputType="text" style="" value="타이틀" width="210"></w2:column>
    						<w2:column displayMode="label" id="column14" inputType="text" style="" value="이름" width="70"></w2:column>
    						<w2:column displayMode="label" id="column13" inputType="text" style="" value="주소" width="210"></w2:column>
    						<w2:column displayMode="label" id="column12" inputType="text" style="" value="날짜" width="100"></w2:column>
    						<w2:column displayMode="label" id="column11" inputType="text" style="" value="금액" width="100"></w2:column>
    					</w2:row>
    				</w2:header>
    				<w2:gBody id="gBody2" style="">
    					<w2:row id="row4" style="">
    						<w2:column class="tal" displayMode="label" id="col1" inputType="text" style="" value="" width="210"></w2:column>
    						<w2:column displayMode="label" id="col2" inputType="text" style="" value="" width="70"></w2:column>
    						<w2:column class="tal" displayMode="label" id="col3" inputType="text" style="" value="" width="210"></w2:column>
    						<w2:column displayMode="label" id="col4" inputType="text" style="" value="" width="100"></w2:column>
    						<w2:column class="tar" displayMode="label" id="col5" inputType="text" style="" value="" width="100"></w2:column>
    					</w2:row>
    				</w2:gBody>
    			</w2:gridView>
    		</xf:group>
    		<xf:group class="btnbox" id="" style="">
    			<xf:group class="fr" id="" style="">
    				<xf:trigger class="btn_cm" id="" style="" type="button">
    					<xf:label><![CDATA[업무버튼]]></xf:label>
    				</xf:trigger>
    				<xf:trigger class="btn_cm" id="" style="" type="button">
    					<xf:label><![CDATA[업무버튼]]></xf:label>
    				</xf:trigger>
    				<w2:textbox class="bar_btndiv" id="" label="" style=""></w2:textbox>
    				<xf:trigger class="btn_cm pt" id="" style="" type="button">
    					<xf:label><![CDATA[신규]]></xf:label>
    				</xf:trigger>
    				<xf:trigger class="btn_cm" id="" style="" type="button">
    					<xf:label><![CDATA[수정]]></xf:label>
    				</xf:trigger>
    				<xf:trigger class="btn_cm pt" id="" style="" type="button">
    					<xf:label><![CDATA[저장]]></xf:label>
    				</xf:trigger>
    				<xf:trigger class="btn_cm " id="" style="" type="button">
    					<xf:label><![CDATA[삭제]]></xf:label>
    				</xf:trigger>
    				<xf:trigger class="btn_cm pt" id="" style="" type="button">
    					<xf:label><![CDATA[확인]]></xf:label>
    				</xf:trigger>
    				<xf:trigger class="btn_cm " id="" style="" type="button">
    					<xf:label><![CDATA[취소]]></xf:label>
    				</xf:trigger>
    				<xf:group id="" class="guide_arrow type1" style="">
    					<xf:group style="width:154px;" id="" class="arrow">
    						<xf:group id="">
    							<w2:span style="" id="" label="업무버튼"></w2:span>
    						</xf:group>
    					</xf:group>
    					<xf:group class="arrow" id="" style="width:257px;">
    						<xf:group id="">
    							<w2:span style="" id="" label="CRUD버튼"></w2:span>
    						</xf:group>
    					</xf:group>
    					<xf:group class="arrow" id="" style="width:125px;">
    						<xf:group id="">
    							<w2:span style="" id="" label="전체제어버튼"></w2:span>
    						</xf:group>
    					</xf:group>
    				</xf:group>
    			</xf:group>
    		</xf:group>
    	</xf:group>
    </body>
</html>
