<?xml version="1.0" encoding="UTF-8"?>
<html xmlns="http://www.w3.org/1999/xhtml"
    xmlns:ev="http://www.w3.org/2001/xml-events"
    xmlns:w2="http://www.inswave.com/websquare" xmlns:xf="http://www.w3.org/2002/xforms">
    <head>
    	<w2:type>COMPONENT</w2:type>
    	<w2:buildDate />
    	<w2:MSA />
    	<xf:model>
    		<w2:dataCollection baseNode="map">
    			<w2:dataList baseNode="list" id="dataList1" repeatNode="map" saveRemovedData="true" style="">
    				<w2:columnInfo>
    					<w2:column id="col1" name="타이틀" dataType="text" encYN="true"></w2:column>
    					<w2:column id="col2" name="이름" dataType="text"></w2:column>
    					<w2:column id="col3" name="주소" dataType="text"></w2:column>
    					<w2:column id="col4" name="날짜" dataType="text"></w2:column>
    					<w2:column id="col5" name="금액" dataType="text"></w2:column>
    				</w2:columnInfo>
    				<w2:data use="true">
    					<w2:row>
    						<col1><![CDATA[금일 일정 안내입니다.]]></col1>
    						<col2><![CDATA[홍길동]]></col2>
    						<col3><![CDATA[서울시 공항대로]]></col3>
    						<col4><![CDATA[2022-12-10]]></col4>
    						<col5><![CDATA[100,000]]></col5>
    					</w2:row>
    					<w2:row>
    						<col1><![CDATA[금일 일정 안내입니다.]]></col1>
    						<col2><![CDATA[홍길동]]></col2>
    						<col3><![CDATA[서울시 공항대로]]></col3>
    						<col4><![CDATA[2022-12-11]]></col4>
    						<col5><![CDATA[120,000]]></col5>
    					</w2:row>
    				</w2:data>
    			</w2:dataList>
    			<w2:dataList baseNode="list" repeatNode="map" id="dataList2" saveRemovedData="true">
    				<w2:columnInfo>
    					<w2:column id="col1" name="name1" dataType="text"></w2:column>
    					<w2:column id="col2" name="name2" dataType="text"></w2:column>
    					<w2:column id="col3" name="name3" dataType="text"></w2:column>
    					<w2:column id="col4" name="name4" dataType="text"></w2:column>
    					<w2:column id="col5" name="name5" dataType="text"></w2:column>
    					<w2:column id="col6" name="name6" dataType="text"></w2:column>
    					<w2:column id="col7" name="name7" dataType="text"></w2:column>
    					<w2:column id="col8" name="name8" dataType="text"></w2:column>
    				</w2:columnInfo>
    				<w2:data use="true">
    					<w2:row>
    						<col1><![CDATA[Data]]></col1>
    						<col2><![CDATA[Data]]></col2>
    						<col3><![CDATA[Data]]></col3>
    						<col4><![CDATA[Data]]></col4>
    						<col5><![CDATA[Data]]></col5>
    						<col6><![CDATA[Data]]></col6>
    						<col8><![CDATA[Data]]></col8>
    						<col7><![CDATA[Data]]></col7>
    					</w2:row>
    					<w2:row>
    						<col7><![CDATA[Data]]></col7>
    						<col8><![CDATA[Data]]></col8>
    						<col1><![CDATA[Data]]></col1>
    						<col2><![CDATA[Data]]></col2>
    						<col3><![CDATA[Data]]></col3>
    						<col4><![CDATA[Data]]></col4>
    						<col5><![CDATA[Data]]></col5>
    						<col6><![CDATA[Data]]></col6>
    					</w2:row>
    				</w2:data>
    			</w2:dataList>
    		</w2:dataCollection>
    		<w2:workflowCollection />
    	</xf:model>
    	<w2:layoutInfo />
    	<w2:publicInfo method="" />
    	<script lazy="false" type="text/javascript"><![CDATA[
		scwin.onpageload = function() {
			
		};
		]]></script>
    </head>
    <body ev:onpageload="scwin.onpageload">
    	<xf:group class="top_box" id="" style="" tagname="">
    		<w2:textbox class="con_tit" id="" label="Grid" style=""></w2:textbox>
    		<w2:textbox class="con_txt" escape="false" id="" label="조회 결과를 출력하는 목록으로 편집 기능을 갖고 있습니다."
    			style="">
    		</w2:textbox>
    		<xf:group class="" id="primary" style=""></xf:group>
    		<xf:group class="tab_anchor" id="" style="" tagname="ul">
    			<xf:group class="on" id="" tagname="li">
    				<w2:anchor class="" id="" outerDiv="false" style="">
    					<xf:label><![CDATA[Examples]]></xf:label>
    				</w2:anchor>
    			</xf:group>
    			<xf:group id="" tagname="li">
    				<w2:anchor id="" outerDiv="false" style="">
    					<xf:label><![CDATA[Snippet]]></xf:label>
    				</w2:anchor>
    			</xf:group>
    			<xf:group id="" tagname="li">
    				<w2:anchor id="" outerDiv="false" style="">
    					<xf:label><![CDATA[Dark Theme]]></xf:label>
    				</w2:anchor>
    			</xf:group>
    		</xf:group>
    	</xf:group>
    	<xf:group class="contbox" id="" style="">
    		<xf:group class="subtitbox" id="" style="" tagname="">
    			<w2:textbox class="subtit" id="" label="텍스트 정렬" style=""></w2:textbox>
    		</xf:group>
    		<xf:group class="dfbox" id="" style="" tagname="">
    			<w2:textbox class="subtxt" escape="false" id=""
    				label="· Data의 정렬 기준에 따릅니다.&lt;br/&gt; &amp;nbsp; &amp;nbsp; - 우측정렬 : 금액, 숫자 등 자릿수 구분되는 Data&lt;br/&gt; &amp;nbsp; &amp;nbsp; - 좌측정렬 : 주소, 전화번호 등 글자 수가 일정치 않은 Data&lt;br/&gt; &amp;nbsp; &amp;nbsp; - 중앙정렬 : 날짜 등 Data 글자 수가 일정한 경우와 리스트의 테이블 헤더&lt;br/&gt;"
    				style="">
    			</w2:textbox>
    		</xf:group>
    		<xf:group adaptiveThreshold="" class="gvwbox" id="" style="">
    			<w2:gridView autoFit="allColumn" captionTitle="" checkReadOnlyOnCut="" class="wq_gvw" dataList="data:dataList1"
    				evenRowBackgroundColor="" filterFocusMode="" id="" keepDefaultColumnWidth="true" oddRowBackgroundColor="" overflowX=""
    				rowNumBackgroundColor="" rowNumHeaderValue="No" rowNumVisible="" rowNumWidth="" rowStatusHeaderValue="" rowStatusVisible=""
    				rowStatusWidth="50" scrollByColumn="false" scrollByColumnAdaptive="false" selectedCellColor="" selectedCellOverColor=""
    				style="height:100px;width: 100%;" titleAuto="true" visibleRowNum="10" sortable="true">
    				<w2:caption style="" id="caption2" value="this is a grid caption."></w2:caption>
    				<w2:header style="" id="header2">
    					<w2:row style="" id="row3">
    						<w2:column width="210" inputType="text" style="" id="column15" value="타이틀(좌)" displayMode="label" class=""></w2:column>
    						<w2:column width="70" inputType="text" style="" id="column14" value="이름(중앙)" displayMode="label"></w2:column>
    						<w2:column width="210" inputType="text" style="" id="column13" value="주소(좌)" displayMode="label"></w2:column>
    						<w2:column width="100" inputType="text" style="" id="column12" value="날짜(중앙)" displayMode="label"></w2:column>
    						<w2:column width="100" inputType="text" style="" id="column11" value="금액(우)" displayMode="label"></w2:column>
    					</w2:row>
    				</w2:header>
    				<w2:gBody style="" id="gBody2">
    					<w2:row style="" id="row4">
    						<w2:column width="210" inputType="text" style="" id="col1" value="" displayMode="label" class="tal"></w2:column>
    						<w2:column width="70" inputType="text" style="" id="col2" value="" displayMode="label"></w2:column>
    						<w2:column width="210" inputType="text" style="" id="col3" value="" displayMode="label" class="tal"></w2:column>
    						<w2:column width="100" inputType="text" style="" id="col4" value="" displayMode="label"></w2:column>
    						<w2:column width="100" inputType="text" style="" id="col5" value="" displayMode="label" class="tar"></w2:column>
    					</w2:row>
    				</w2:gBody>
    			</w2:gridView>
    		</xf:group>
    		<xf:group class="line_gray" id="group3" style="" tagname="hr"></xf:group>


    		<xf:group class="subtitbox" id="" style="" tagname="">
    			<w2:textbox class="subtit" id="" label="Background Color, 범례" style=""></w2:textbox>
    		</xf:group>
    		<xf:group class="dfbox" id="" style="" tagname="">
    			<w2:textbox class="subtxt" escape="false" id=""
    				label="· 마우스 over 시에 over된 행의 배경색을 다르게 설정하여 구분시킵니다. &lt;br/&gt;· 컬럼의 구분이 필요할 경우 배경색을 다르게 설정하여 구분시킵니다. &lt;br/&gt;" style="">
    			</w2:textbox>
    		</xf:group>
    		<xf:group adaptiveThreshold="" class="gvwbox" id="" style="">
    			<w2:gridView autoFit="allColumn" autoFitMinWidth="968" captionTitle="" checkReadOnlyOnCut="" class="wq_gvw"
    				dataList="data:dataList1" evenRowBackgroundColor="" filterFocusMode="" id="" keepDefaultColumnWidth="true" oddRowBackgroundColor=""
    				overflowX="" rowNumBackgroundColor="" rowNumHeaderValue="No" rowNumVisible="" rowNumWidth="" rowStatusHeaderValue=""
    				rowStatusVisible="" rowStatusWidth="50" scrollByColumn="false" scrollByColumnAdaptive="false" selectedCellColor=""
    				selectedCellOverColor="" style="height:100px;" titleAuto="true" visibleRowNum="10" defaultCellHeight="26">
    				<w2:caption id="caption2" style="" value="this is a grid caption."></w2:caption>
    				<w2:header id="header2" style="">
    					<w2:row id="row3" style="">
    						<w2:column class="" displayMode="label" id="column15" inputType="text" style="" value="타이틀" width="210"></w2:column>
    						<w2:column displayMode="label" id="column14" inputType="text" style="" value="이름" width="70"></w2:column>
    						<w2:column displayMode="label" id="column13" inputType="text" style="" value="주소" width="210"></w2:column>
    						<w2:column displayMode="label" id="column12" inputType="text" style="" value="날짜" width="100"></w2:column>
    						<w2:column displayMode="label" id="column11" inputType="text" style="" value="금액" width="100"></w2:column>
    					</w2:row>
    				</w2:header>
    				<w2:gBody id="gBody2" style="">
    					<w2:row id="row4" style="">
    						<w2:column class="tal" displayMode="label" id="col1" inputType="text" style="" value="" width="210"></w2:column>
    						<w2:column displayMode="label" id="col2" inputType="text" style="" value="" width="70"></w2:column>
    						<w2:column class="tal" displayMode="label" id="col3" inputType="text" style="" value="" width="210"></w2:column>
    						<w2:column displayMode="label" id="col4" inputType="text" style="" value="" width="100"></w2:column>
    						<w2:column class="tar" displayMode="label" id="col5" inputType="text" style="" value="" width="100"></w2:column>
    					</w2:row>
    				</w2:gBody>
    			</w2:gridView>
    		</xf:group>
    		<xf:group adaptiveThreshold="" class="gvwbox" id="" style="">
    			<w2:gridView autoFit="allColumn" checkReadOnlyOnPasteEnable="" class="wq_gvw" dataList="data:dataList2"
    				defaultCellHeight="26" id="" scrollByColumn="false" scrollByColumnAdaptive="false" style="height: 100px;" visibleRowNum="10"
    				focusMode="none">
    				<w2:caption id="caption2" style="" value="this is a grid caption."></w2:caption>
    				<w2:header id="header2" style="">
    					<w2:row id="row3" style="">
    						<w2:column blockSelect="false" displayMode="label" id="column12" inputType="text" removeBorderStyle="false"
    							value="범례1" width="70" style="background:#FFE5EF;">
    						</w2:column>
    						<w2:column blockSelect="false" displayMode="label" id="column11" inputType="text" removeBorderStyle="false"
    							value="범례2" width="70" style="background:#DCEDFC;">
    						</w2:column>
    						<w2:column blockSelect="false" displayMode="label" id="column10" inputType="text" removeBorderStyle="false"
    							value="범례3" width="70" style="background:#FFE7DC;">
    						</w2:column>
    						<w2:column blockSelect="false" displayMode="label" id="column9" inputType="text" removeBorderStyle="false"
    							value="범례4" width="70" style="background:#D2F7DF;">
    						</w2:column>
    						<w2:column blockSelect="false" displayMode="label" id="column8" inputType="text" removeBorderStyle="false"
    							value="범례5" width="70" style="background:#FFF9DA;">
    						</w2:column>
    						<w2:column blockSelect="false" displayMode="label" id="column7" inputType="text" removeBorderStyle="false"
    							value="범례6" width="70" style="background:#CCF3F5;">
    						</w2:column>
    						<w2:column blockSelect="false" displayMode="label" id="column6" inputType="text" removeBorderStyle="false"
    							value="범례7" width="70" style="background:#D7E0F7;">
    						</w2:column>
    						<w2:column blockSelect="false" displayMode="label" id="column5" inputType="text" removeBorderStyle="false"
    							value="범례8" width="70" style="background:#ECE1DF;">
    						</w2:column>
    					</w2:row>
    				</w2:header>
    				<w2:gBody id="gBody2" style="">
    					<w2:row id="row4" style="">
    						<w2:column blockSelect="false" displayMode="label" id="col1" inputType="text" removeBorderStyle="false"
    							width="70" style="background:#FFE5EF;">
    						</w2:column>
    						<w2:column blockSelect="false" displayMode="label" id="col2" inputType="text" removeBorderStyle="false"
    							width="70" style="background:#DCEDFC;">
    						</w2:column>
    						<w2:column blockSelect="false" displayMode="label" id="col3" inputType="text" removeBorderStyle="false"
    							width="70" style="background:#FFE7DC;">
    						</w2:column>
    						<w2:column blockSelect="false" displayMode="label" id="col4" inputType="text" removeBorderStyle="false"
    							width="70" style="background:#D2F7DF;">
    						</w2:column>
    						<w2:column blockSelect="false" displayMode="label" id="col5" inputType="text" removeBorderStyle="false"
    							width="70" style="background:#FFF9DA;">
    						</w2:column>
    						<w2:column blockSelect="false" displayMode="label" id="col6" inputType="text" removeBorderStyle="false"
    							width="70" style="background:#CCF3F5;">
    						</w2:column>
    						<w2:column blockSelect="false" displayMode="label" id="col7" inputType="text" removeBorderStyle="false"
    							width="70" style="background:#D7E0F7;">
    						</w2:column>
    						<w2:column blockSelect="false" displayMode="label" id="col8" inputType="text" removeBorderStyle="false"
    							width="70" style="background:#ECE1DF;">
    						</w2:column>
    					</w2:row>
    				</w2:gBody>
    			</w2:gridView>
    		</xf:group>
    		<xf:group class="line_gray" id="group5" style="" tagname="hr"></xf:group>
    		<xf:group class="subtitbox" id="" style="" tagname="">
    			<w2:textbox class="subtit" id="" label="Sorting" style=""></w2:textbox>
    		</xf:group>
    		<xf:group class="dfbox" id="" style="" tagname="">
    			<w2:textbox class="subtxt" escape="false" id=""
    				label="· &amp;nbsp;Data의 Sorting 기능 (오름차순/내림차순)을 사용할 경우 헤더 우측에 아이콘을 표시합니다. &lt;br/&gt;" style="">
    			</w2:textbox>
    		</xf:group>
    		<xf:group adaptiveThreshold="" class="gvwbox" id="" style="">
    			<w2:gridView autoFit="allColumn" autoFitMinWidth="968" captionTitle="" checkReadOnlyOnCut="" class="wq_gvw"
    				dataList="data:dataList1" evenRowBackgroundColor="" filterFocusMode="" id="" keepDefaultColumnWidth="true" oddRowBackgroundColor=""
    				overflowX="" rowNumBackgroundColor="" rowNumHeaderValue="No" rowNumVisible="" rowNumWidth="" rowStatusHeaderValue=""
    				rowStatusVisible="" rowStatusWidth="50" scrollByColumn="false" scrollByColumnAdaptive="false" selectedCellColor=""
    				selectedCellOverColor="" sortable="true" style="height:100px;" titleAuto="true" visibleRowNum="10" showSortableImage="true">
    				<w2:caption id="caption2" style="" value="this is a grid caption."></w2:caption>
    				<w2:header id="header2" style="">
    					<w2:row id="row3" style="">
    						<w2:column class="" displayMode="label" id="column15" inputType="text" style="" value="타이틀" width="210"></w2:column>
    						<w2:column displayMode="label" id="column14" inputType="text" style="" value="이름" width="70"></w2:column>
    						<w2:column displayMode="label" id="column13" inputType="text" style="" value="주소" width="210"></w2:column>
    						<w2:column displayMode="label" id="column12" inputType="text" style="" value="날짜" width="100"></w2:column>
    						<w2:column displayMode="label" id="column11" inputType="text" style="" value="금액" width="100"></w2:column>
    					</w2:row>
    				</w2:header>
    				<w2:gBody id="gBody2" style="">
    					<w2:row id="row4" style="">
    						<w2:column class="tal" displayMode="label" id="col1" inputType="text" style="" value="" width="210"></w2:column>
    						<w2:column displayMode="label" id="col2" inputType="text" style="" value="" width="70"></w2:column>
    						<w2:column class="tal" displayMode="label" id="col3" inputType="text" style="" value="" width="210"></w2:column>
    						<w2:column displayMode="label" id="col4" inputType="text" style="" value="" width="100"></w2:column>
    						<w2:column class="tar" displayMode="label" id="col5" inputType="text" style="" value="" width="100"></w2:column>
    					</w2:row>
    				</w2:gBody>
    			</w2:gridView>
    		</xf:group>
    	</xf:group>
    </body>
</html>
