<?xml version="1.0" encoding="UTF-8"?>
<html xmlns="http://www.w3.org/1999/xhtml"
    xmlns:ev="http://www.w3.org/2001/xml-events"
    xmlns:w2="http://www.inswave.com/websquare" xmlns:xf="http://www.w3.org/2002/xforms">
    <head>
        <w2:type>COMPONENT</w2:type>
        <w2:buildDate/>
        <w2:MSA/>
        <xf:model>
            <w2:dataCollection baseNode="map"/>
            <w2:workflowCollection/>
        </xf:model>
        <w2:layoutInfo/>
        <w2:publicInfo method=""/>
        <script lazy="false" type="text/javascript"><![CDATA[
scwin.onpageload = function() {
	
};
]]></script>
    </head>
    <body ev:onpageload="scwin.onpageload">
    	<xf:group class="top_box" id="" style="" tagname="">
    		<w2:textbox class="con_tit" id="" label="조회영역" style=""></w2:textbox>
    		<w2:textbox class="con_txt" escape="false" id="" label="다수의 조회조건 일 경우, 중요도에 따라 상위에 위치 시키며, 줄바꿈이 필요할 경우, adaptive 속성을 사용합니다."
    			style="">
    		</w2:textbox>
    		<xf:group class="" id="primary" style=""></xf:group>
    		<xf:group class="tab_anchor" id="" style="" tagname="ul">
    			<xf:group class="on" id="" tagname="li">
    				<w2:anchor class="" id="" outerDiv="false" style="">
    					<xf:label><![CDATA[Examples]]></xf:label>
    				</w2:anchor>
    			</xf:group>
    			<xf:group id="" tagname="li">
    				<w2:anchor id="" outerDiv="false" style="">
    					<xf:label><![CDATA[Snippet]]></xf:label>
    				</w2:anchor>
    			</xf:group>
    			<xf:group id="" tagname="li">
    				<w2:anchor id="" outerDiv="false" style="">
    					<xf:label><![CDATA[Dark Theme]]></xf:label>
    				</w2:anchor>
    			</xf:group>
    		</xf:group>
    	</xf:group>
    	<xf:group class="contbox" id="" style="">
    		<xf:group class="dfbox" id="" style="" tagname="">
    			<w2:textbox class="subtxt" escape="false" id=""
    				label="· 조회 조건의 레이블은 우측 정렬합니다.&lt;br/&gt;· 별도의 팝업을 통해서 조회를 하는 경우 돋보기 버튼을 사용합니다.&lt;br/&gt;· 다수의 조회조건이 있을 경우, 조회 조건의 중요한 항목을 좌측에 위치합니다."
    				style="">
    			</w2:textbox>
    		</xf:group>
    		<xf:group class="shbox" id="" style="" adaptive="layout" adaptiveThreshold="600">
    			<xf:group class="shbox_inner" id="" style="">
    				<xf:group adaptive="layout" adaptiveThreshold="1024" class="w2tb tb " id="" style="" tagname="table">
    					<w2:attributes>
    						<w2:summary></w2:summary>
    					</w2:attributes>
    					<xf:group tagname="colgroup">
    						<xf:group style="width:100px;" tagname="col"></xf:group>
    						<xf:group style="" tagname="col"></xf:group>
    						<xf:group style="width:100px;" tagname="col"></xf:group>
    						<xf:group style="" tagname="col"></xf:group>
    					</xf:group>
    					<xf:group class="" id="" style="" tagname="tr">
    						<xf:group class="w2tb_th" style="" tagname="th">
    							<w2:textbox class="req" id="" label="조회조건" style=""></w2:textbox>
    						</xf:group>
    						<xf:group class="w2tb_td" style="" tagname="td">
    							<xf:select1 allOption="true" appearance="minimal" chooseOption="" class="req" direction="auto" disabled="false"
    								disabledClass="w2selectbox_disabled" id="" ref="" renderType="" style="width:100px;" submenuSize="auto">
    								<xf:choices>
    									<xf:item>
    										<xf:label><![CDATA[new row]]></xf:label>
    										<xf:value></xf:value>
    									</xf:item>
    									<xf:item>
    										<xf:label><![CDATA[new row]]></xf:label>
    										<xf:value></xf:value>
    									</xf:item>
    									<xf:item>
    										<xf:label><![CDATA[new row]]></xf:label>
    										<xf:value></xf:value>
    									</xf:item>
    								</xf:choices>
    							</xf:select1>
    							<xf:trigger class="btn_cm " id="" style="" type="button">
    								<xf:label><![CDATA[조회]]></xf:label>
    							</xf:trigger>
    						</xf:group>
    						<xf:group class="w2tb_th" style="" tagname="th">
    							<w2:textbox class="" id="" label="조회조건" style=""></w2:textbox>
    						</xf:group>
    						<xf:group class="w2tb_td" id="" style="" tagname="td">
    							<xf:select1 appearance="full" cols="" disabled="" id="" ref="" renderType="radiogroup" rows=""
    								selectedIndex="1" style="">
    								<xf:choices>
    									<xf:item>
    										<xf:label><![CDATA[항목1]]></xf:label>
    										<xf:value></xf:value>
    									</xf:item>
    									<xf:item>
    										<xf:label><![CDATA[항목2]]></xf:label>
    										<xf:value></xf:value>
    									</xf:item>
    									<xf:item>
    										<xf:label><![CDATA[항목3]]></xf:label>
    										<xf:value></xf:value>
    									</xf:item>
    								</xf:choices>
    							</xf:select1>
    						</xf:group>
    					</xf:group>
    				</xf:group>
    			</xf:group>
    			<xf:group class="btn_shbox" id="" style="">
    				<xf:trigger class="btn_cm sch" disabled="" escape="false" id="" style="" type="button">
    					<xf:label><![CDATA[조회]]></xf:label>
    				</xf:trigger>
    			</xf:group>
    		</xf:group>
    		<xf:group class="line_gray" id="second" style="" tagname="hr"></xf:group>
    		<xf:group class="dfbox" id="" style="" tagname="">
    			<w2:textbox class="subtxt" escape="false" id=""
    				label='· 조회 옵션이 4개 이상일 경우는 Selectbox 사용을 권하며, 기본값은 ‘선택’으로 표시합니다.&lt;br/&gt;· 필수로 입력해야 하는 입력폼의 경우 , 레이블의 좌측에 &lt;span class="req"&gt;&lt;/span&gt;를 &amp;nbsp;추가하고, 폼요소에는 &amp;nbsp;Background color 를 적용해 줍니다.'
    				style="">
    			</w2:textbox>
    		</xf:group>
    		<xf:group class="shbox" id="" style="">
    				<xf:group class="shbox_inner" id="" style="">
    					<xf:group adaptive="layout" adaptiveThreshold="1024" class="w2tb tb " id="" style="" tagname="table">
    						<w2:attributes>
    							<w2:summary></w2:summary>
    						</w2:attributes>
    						<xf:group tagname="colgroup">
    							<xf:group style="width:100px;" tagname="col"></xf:group>
    							<xf:group style="" tagname="col"></xf:group>
    							<xf:group style="width:100px;" tagname="col"></xf:group>
    							<xf:group style="" tagname="col"></xf:group>
    						</xf:group>
    						<xf:group class="" id="" style="" tagname="tr">
    							<xf:group class="w2tb_th" style="" tagname="th">
    								<w2:textbox class="req" id="" label="조회조건" style=""></w2:textbox>
    							</xf:group>
    							<xf:group class="w2tb_td" style="" tagname="td">
    								<xf:select1 allOption="true" appearance="minimal" chooseOption="" class="req" direction="auto" disabled="false" disabledClass="w2selectbox_disabled" id="" ref="" renderType="" style="width:100px;" submenuSize="auto">
    									<xf:choices>
    										<xf:item>
    											<xf:label><![CDATA[new row]]></xf:label>
    											<xf:value></xf:value>
    										</xf:item>
    										<xf:item>
    											<xf:label><![CDATA[new row]]></xf:label>
    											<xf:value></xf:value>
    										</xf:item>
    										<xf:item>
    											<xf:label><![CDATA[new row]]></xf:label>
    											<xf:value></xf:value>
    										</xf:item>
    									</xf:choices>
    								</xf:select1>
    								<xf:select1 allOption="true" appearance="minimal" chooseOption="" class="req" direction="auto" disabled="false" disabledClass="w2selectbox_disabled" id="" ref="" renderType="" style="width:100px;" submenuSize="auto">
    									<xf:choices>
    										<xf:item>
    											<xf:label><![CDATA[new row]]></xf:label>
    											<xf:value></xf:value>
    										</xf:item>
    										<xf:item>
    											<xf:label><![CDATA[new row]]></xf:label>
    											<xf:value></xf:value>
    										</xf:item>
    										<xf:item>
    											<xf:label><![CDATA[new row]]></xf:label>
    											<xf:value></xf:value>
    										</xf:item>
    									</xf:choices>
    								</xf:select1>
    								<xf:trigger class="btn_cm " id="" style="" type="button">
    									<xf:label><![CDATA[조회]]></xf:label>
    								</xf:trigger>
    							</xf:group>
    							<xf:group class="w2tb_th" style="" tagname="th">
    								<w2:textbox class="req" id="" label="조회조건" style=""></w2:textbox>
    							</xf:group>
    							<xf:group class="w2tb_td" id="" style="" tagname="td">
    								<xf:select1 appearance="full" cols="" disabled="" id="" ref="" renderType="radiogroup" rows="" selectedIndex="1" style="">
    									<xf:choices>
    										<xf:item>
    											<xf:label><![CDATA[항목1]]></xf:label>
    											<xf:value></xf:value>
    										</xf:item>
    										<xf:item>
    											<xf:label><![CDATA[항목2]]></xf:label>
    											<xf:value></xf:value>
    										</xf:item>
    										<xf:item>
    											<xf:label><![CDATA[항목3]]></xf:label>
    											<xf:value></xf:value>
    										</xf:item>
    									</xf:choices>
    								</xf:select1>
    							</xf:group>
    						</xf:group>
    						<xf:group class="" id="" style="" tagname="tr">
    							<xf:group class="w2tb_th" style="" tagname="th">
    								<w2:textbox class="" id="" label="조건" style=""></w2:textbox>
    							</xf:group>
    							<xf:group class="w2tb_td" style="" tagname="td">
    								<xf:input class="" id="" placeholder="" style="width:148px;"></xf:input>
    								<xf:trigger class="btn_cm btn_search " id="" style="" type="button">
    									<xf:label><![CDATA[Search]]></xf:label>
    								</xf:trigger>
    							</xf:group>
    							<xf:group class="w2tb_th" style="" tagname="th">
    								<w2:textbox class="" id="" label="기간" style=""></w2:textbox>
    							</xf:group>
    							<xf:group class="w2tb_td" id="" style="" tagname="td">
    								<w2:inputCalendar alt="" calendarValueType="yearMonthDate" class="" focusOnDateSelect="false" footerDiv="true" id="" renderDiv="true" renderType="" rightAlign="false" style="width:120px;">
    								</w2:inputCalendar>
    								<w2:span id="" label="~" style=""></w2:span>
    								<w2:inputCalendar calendarValueType="yearMonthDate" class="" focusOnDateSelect="false" footerDiv="true" id="" renderDiv="true" renderType="" rightAlign="false" style="width:120px;">
    								</w2:inputCalendar>
    							</xf:group>
    						</xf:group>
    					</xf:group>
    				</xf:group>
    				<xf:group class="btn_shbox" id="" style="">
    					<xf:trigger class="btn_cm sch" disabled="" escape="false" id="" style="" type="button">
    						<xf:label><![CDATA[조회]]></xf:label>
    					</xf:trigger>
    				</xf:group>
    			</xf:group>
    	</xf:group>
    </body>
</html>
