<?xml version="1.0" encoding="UTF-8"?>
<html xmlns="http://www.w3.org/1999/xhtml"
    xmlns:ev="http://www.w3.org/2001/xml-events"
    xmlns:w2="http://www.inswave.com/websquare" xmlns:xf="http://www.w3.org/2002/xforms">
    <head>
        <w2:type>COMPONENT</w2:type>
        <w2:buildDate/>
        <w2:MSA/>
        <xf:model>
            <w2:dataCollection baseNode="map"/>
            <w2:workflowCollection/>
        </xf:model>
        <w2:layoutInfo/>
        <w2:publicInfo method=""/>
        <script lazy="false" type="text/javascript"><![CDATA[
scwin.onpageload = function() {
	
};
]]></script>
    </head>
    <body ev:onpageload="scwin.onpageload">
    	<xf:group class="top_box" id="" style="" tagname="">
    		<w2:textbox class="con_tit" id="" label="Table" style=""></w2:textbox>
    		<w2:textbox class="con_txt" escape="false" id="" label="html의 테이블을 의미하는 컴포넌트이며, 여러가지 유형의 데이터를 입력할 수 있습니다."
    			style="">
    		</w2:textbox>
    		<xf:group class="" id="primary" style=""></xf:group>
    		<xf:group class="tab_anchor" id="" style="" tagname="ul">
    			<xf:group class="on" id="" tagname="li">
    				<w2:anchor class="" id="" outerDiv="false" style="">
    					<xf:label><![CDATA[Examples]]></xf:label>
    				</w2:anchor>
    			</xf:group>
    			<xf:group id="" tagname="li">
    				<w2:anchor id="" outerDiv="false" style="">
    					<xf:label><![CDATA[Snippet]]></xf:label>
    				</w2:anchor>
    			</xf:group>
    			<xf:group id="" tagname="li">
    				<w2:anchor id="" outerDiv="false" style="">
    					<xf:label><![CDATA[Dark Theme]]></xf:label>
    				</w2:anchor>
    			</xf:group>
    		</xf:group>
    	</xf:group>
    	<xf:group class="contbox" id="" style="">
    		<xf:group class="subtitbox" id="" style="" tagname="">
    			<w2:textbox class="subtit" id="" label="입출력테이블" style=""></w2:textbox>
    		</xf:group>
    		<xf:group class="dfbox" id="" style="" tagname="">
    			<w2:textbox class="subtxt" escape="false" id=""
    				label="· 검색 결과의 출력과 신규 Data 입력 및 수정을 위한 화면에 사용합니다. &lt;br/&gt;· 입력 불가 필드는 Disabled 처리하며 , Background Color로 구분시킵니다. &lt;br/&gt;"
    				style="">
    			</w2:textbox>
    		</xf:group>
    		<xf:group class="tbbox" id="" style="">
    			<xf:group adaptive="layout" adaptiveThreshold="600" class="w2tb tb" id="" style="" tagname="table">
    				<w2:attributes>
    					<w2:summary></w2:summary>
    				</w2:attributes>
    				<xf:group tagname="colgroup">
    					<xf:group style="width:150px;" tagname="col"></xf:group>
    					<xf:group style="" tagname="col"></xf:group>
    				</xf:group>
    				<xf:group style="" tagname="tr">
    					<xf:group class="w2tb_th" style="" tagname="th">
    						<w2:textbox class="req" id="" label="필수항목" ref="" style="" userData2=""></w2:textbox>
    					</xf:group>
    					<xf:group class="w2tb_td" style="" tagname="td">
    						<xf:input class="req" id="" placeholder="" style="width:148px;"></xf:input>
    						<xf:trigger class="btn_cm btn_search " id="" style="" type="button">
    							<xf:label><![CDATA[Search]]></xf:label>
    						</xf:trigger>
    					</xf:group>
    				</xf:group>
    				<xf:group tagname="tr">
    					<xf:group class="w2tb_th " tagname="th">
    						<w2:attributes>
    							<w2:scope>row</w2:scope>
    						</w2:attributes>
    						<w2:textbox class="" id="" label="기간조회" ref="" style="" userData2=""></w2:textbox>
    					</xf:group>
    					<xf:group class="w2tb_td" tagname="td">
    						<w2:attributes>
    							<w2:colspan>1</w2:colspan>
    							<w2:rowspan>1</w2:rowspan>
    						</w2:attributes>
    						<w2:inputCalendar calendarValueType="yearMonthDate" focusOnDateSelect="false" footerDiv="true" id=""
    							renderDiv="true" renderType="" rightAlign="false" style="width: 120px;">
    						</w2:inputCalendar>
    						<w2:span id="" label="~" style=""></w2:span>
    						<w2:inputCalendar calendarValueType="yearMonthDate" focusOnDateSelect="false" footerDiv="true" id=""
    							renderDiv="true" renderType="" rightAlign="false" style="width: 120px;">
    						</w2:inputCalendar>
    					</xf:group>
    				</xf:group>
    			<xf:group tagname="tr">
    				<xf:group tagname="th" class="w2tb_th ">
    					<w2:attributes>
    						<w2:scope>row</w2:scope>
    					</w2:attributes>
    					<w2:textbox class="" id="" label="출력항목" ref="" style="" userData2=""></w2:textbox>
    				</xf:group>
    				<xf:group tagname="td" class="w2tb_td">
    					<w2:attributes></w2:attributes>
    					<xf:input class="" id="" placeholder="" style="width:100%;" disabled="true"></xf:input>
    				</xf:group></xf:group></xf:group>
    		</xf:group>
    		<xf:group class="line_gray" id="second" style="" tagname="hr"></xf:group>
    		<xf:group class="subtitbox" id="" style="" tagname="">
    			<w2:textbox class="subtit" id="" label="테이블 컬럼 분할" style=""></w2:textbox>
    		</xf:group>
    		<xf:group class="dfbox" id="" style="" tagname="">
    			<w2:textbox class="subtxt" escape="false" id=""
    				label="· 입출력 테이블이 상하로 여러 개 위치한 경우, 테이블 별로 열의 개수나 비율을 다르게 하는 것은 지양하며, 가능한 그리드를 맞추어 작성합니다.&lt;br/&gt;· 입력항목이 많을 경우 그룹핑을 하여 입출력 테이블을 나누는 것을 권장합니다. "
    				style="">
    			</w2:textbox>
    		</xf:group>
    		<xf:group class="dfbox" id="" style="">
    			<w2:textbox class="" id="" label="서브타이틀" style="" tagname="h3"></w2:textbox>
    		</xf:group>
    		<xf:group class="tbbox" id="" style="">
    			<xf:group adaptive="layout" adaptiveThreshold="600" class="w2tb tb" id="" style="" tagname="table">
    				<w2:attributes>
    					<w2:summary></w2:summary>
    				</w2:attributes>
    				<xf:group tagname="colgroup">
    					<xf:group style="width:150px;" tagname="col"></xf:group>
    					<xf:group style="" tagname="col"></xf:group>
    				</xf:group>
    				<xf:group style="" tagname="tr">
    					<xf:group class="w2tb_th" style="" tagname="th">
    						<w2:textbox class="req" id="" label="테이블헤더" ref="" style="" userData2=""></w2:textbox>
    					</xf:group>
    					<xf:group class="w2tb_td" style="" tagname="td"></xf:group>
    				</xf:group>
    				<xf:group tagname="tr">
    					<xf:group class="w2tb_th " tagname="th">
    						<w2:attributes>
    							<w2:scope>row</w2:scope>
    						</w2:attributes>
    						<w2:textbox class="" id="" label="테이블헤더" ref="" style="" userData2=""></w2:textbox>
    					</xf:group>
    					<xf:group class="w2tb_td" tagname="td">
    						<w2:attributes>
    							<w2:colspan>1</w2:colspan>
    							<w2:rowspan>1</w2:rowspan>
    						</w2:attributes>
    					</xf:group>
    				</xf:group>
    			</xf:group>
    		</xf:group>
    		<xf:group class="dfbox" id="" style="">
    			<w2:textbox class="" id="" label="서브타이틀" style="" tagname="h3"></w2:textbox>
    		</xf:group>
    		<xf:group class="tbbox" id="" style="">
    			<xf:group adaptive="layout" adaptiveThreshold="600" class="w2tb tb" id="" style="" tagname="table">
    				<w2:attributes>
    					<w2:summary></w2:summary>
    				</w2:attributes>
    				<xf:group tagname="colgroup">
    					<xf:group style="width:150px;" tagname="col"></xf:group>
    					<xf:group style="" tagname="col"></xf:group>
    					<xf:group style="width:150px;" tagname="col"></xf:group>
    					<xf:group style="" tagname="col"></xf:group>
    				</xf:group>
    				<xf:group style="" tagname="tr">
    					<xf:group class="w2tb_th" style="" tagname="th">
    						<w2:textbox class="req" id="" label="테이블헤더" ref="" style="" userData2=""></w2:textbox>
    					</xf:group>
    					<xf:group class="w2tb_td" style="" tagname="td"></xf:group>
    					<xf:group class="w2tb_th " tagname="th">
    						<w2:attributes></w2:attributes>
    						<w2:textbox class="" id="" label="테이블헤더" ref="" style="" userData2=""></w2:textbox>
    					</xf:group>
    					<xf:group class="w2tb_td" tagname="td">
    						<w2:attributes></w2:attributes>
    					</xf:group>
    				</xf:group>
    				<xf:group tagname="tr">
    					<xf:group class="w2tb_th " tagname="th">
    						<w2:attributes>
    							<w2:scope>row</w2:scope>
    						</w2:attributes>
    						<w2:textbox class="" id="" label="테이블헤더" ref="" style="" userData2=""></w2:textbox>
    					</xf:group>
    					<xf:group class="w2tb_td" tagname="td">
    						<w2:attributes>
    							<w2:colspan>1</w2:colspan>
    							<w2:rowspan>1</w2:rowspan>
    						</w2:attributes>
    					</xf:group>
    					<xf:group class="w2tb_th " tagname="th">
    						<w2:attributes></w2:attributes>
    						<w2:textbox class="" id="" label="테이블헤더" ref="" style="" userData2=""></w2:textbox>
    					</xf:group>
    					<xf:group class="w2tb_td" tagname="td">
    						<w2:attributes></w2:attributes>
    					</xf:group>
    				</xf:group>
    			</xf:group>
    		</xf:group>
    		<xf:group class="dfbox" id="" style="">
    			<w2:textbox class="" id="" label="서브타이틀" style="" tagname="h3"></w2:textbox>
    		</xf:group>
    		<xf:group class="tbbox" id="" style="">
    			<xf:group adaptive="layout" adaptiveThreshold="600" class="w2tb tb" id="" style="" tagname="table">
    				<w2:attributes>
    					<w2:summary></w2:summary>
    				</w2:attributes>
    				<xf:group tagname="colgroup">
    					<xf:group style="width:150px;" tagname="col"></xf:group>
    					<xf:group style="" tagname="col"></xf:group>
    					<xf:group style="width:150px;" tagname="col"></xf:group>
    					<xf:group style="" tagname="col"></xf:group>
    				</xf:group>
    				<xf:group style="" tagname="tr">
    					<xf:group class="w2tb_th" style="" tagname="th">
    						<w2:textbox class="req" id="" label="테이블헤더" ref="" style="" userData2=""></w2:textbox>
    					</xf:group>
    					<xf:group class="w2tb_td" style="" tagname="td">
    						<w2:attributes>
    							<w2:colspan>3</w2:colspan>
    							<w2:rowspan>1</w2:rowspan>
    						</w2:attributes>
    					</xf:group>
    				</xf:group>
    				<xf:group tagname="tr">
    					<xf:group class="w2tb_th " tagname="th">
    						<w2:attributes>
    							<w2:scope>row</w2:scope>
    						</w2:attributes>
    						<w2:textbox class="" id="" label="테이블헤더" ref="" style="" userData2=""></w2:textbox>
    					</xf:group>
    					<xf:group class="w2tb_td" tagname="td">
    						<w2:attributes>
    							<w2:colspan>1</w2:colspan>
    							<w2:rowspan>1</w2:rowspan>
    						</w2:attributes>
    					</xf:group>
    					<xf:group class="w2tb_th " tagname="th">
    						<w2:attributes></w2:attributes>
    						<w2:textbox class="" id="" label="테이블헤더" ref="" style="" userData2=""></w2:textbox>
    					</xf:group>
    					<xf:group class="w2tb_td" tagname="td">
    						<w2:attributes></w2:attributes>
    					</xf:group>
    				</xf:group>
    			</xf:group>
    		</xf:group>
    		<xf:group class="guide_arrow type3" id="" style="">
    			<xf:group class="arrow" id="" style="width:150px;">
    				<xf:group id=""></xf:group>
    			</xf:group>
    			<xf:group class="arrow opy" id="" style="width:auto;">
    				<xf:group id=""></xf:group>
    			</xf:group>
    			<xf:group class="arrow" id="" style="width:150px;">
    				<xf:group id=""></xf:group>
    			</xf:group>
    			<xf:group class="arrow opy" id="" style="width:auto;">
    				<xf:group id=""></xf:group>
    			</xf:group>
    		</xf:group>
    		<xf:group class="line_gray" id="group1" style="" tagname="hr"></xf:group>
    		<xf:group id="" class="dfbox">
    			<w2:textbox style="" id="" label="각 테이블의 비율은 가이드에 따라 작성합니다. " class="subtxt" escape="false"></w2:textbox>
    		</xf:group>
    		<xf:group class="dfbox" id="" style="">
    			<w2:textbox class="" id="" label="1단테이블" style="" tagname="h3"></w2:textbox>
    		</xf:group>
    		<xf:group class="tbbox" id="" style="">
    			<xf:group adaptive="layout" adaptiveThreshold="600" class="w2tb tb" id="" style="" tagname="table">
    				<w2:attributes>
    					<w2:summary></w2:summary>
    				</w2:attributes>
    				<xf:group tagname="colgroup">
    					<xf:group style="width:150px;" tagname="col"></xf:group>
    					<xf:group style="" tagname="col"></xf:group>
    				</xf:group>
    				<xf:group style="" tagname="tr">
    					<xf:group class="w2tb_th" style="" tagname="th">
    						<w2:textbox class="" id="" label="테이블헤더" ref="" style="" userData2=""></w2:textbox>
    					</xf:group>
    					<xf:group class="w2tb_td" style="" tagname="td">
    						<xf:input class="" id="" placeholder="" style="width:100%;"></xf:input>
    					</xf:group>
    				</xf:group>
    				<xf:group tagname="tr">
    					<xf:group class="w2tb_th " tagname="th">
    						<w2:attributes>
    							<w2:scope>row</w2:scope>
    						</w2:attributes>
    						<w2:textbox class="" id="" label="테이블헤더" ref="" style="" userData2=""></w2:textbox>
    					</xf:group>
    					<xf:group class="w2tb_td" tagname="td">
    						<w2:attributes>
    							<w2:colspan>1</w2:colspan>
    							<w2:rowspan>1</w2:rowspan>
    						</w2:attributes>
    						<xf:input class="" id="" placeholder="" style="width:100%;"></xf:input>
    					</xf:group>
    				</xf:group>
    			</xf:group>
    		</xf:group>
    		<xf:group class="guide_arrow type2" id="" style="">
    			<xf:group class="arrow" id="" style="width:150px;">
    				<xf:group id="">
    					<w2:span id="" label="1/4" style=""></w2:span>
    				</xf:group>
    			</xf:group>
    			<xf:group class="arrow" id="" style="width:auto;">
    				<xf:group id="">
    					<w2:span id="" label="3/4" style=""></w2:span>
    				</xf:group>
    			</xf:group>
    		</xf:group>
    		<xf:group class="dfbox" id="" style="">
    			<w2:textbox class="" id="" label="2단테이블" style="" tagname="h3"></w2:textbox>
    		</xf:group>
    		<xf:group class="tbbox" id="" style="">
    			<xf:group adaptive="layout" adaptiveThreshold="600" class="w2tb tb" id="" style="" tagname="table">
    				<w2:attributes>
    					<w2:summary></w2:summary>
    				</w2:attributes>
    				<xf:group tagname="colgroup">
    					<xf:group style="width:150px;" tagname="col"></xf:group>
    					<xf:group style="" tagname="col"></xf:group>
    					<xf:group style="width:150px;" tagname="col"></xf:group>
    					<xf:group style="" tagname="col"></xf:group>
    				</xf:group>
    				<xf:group style="" tagname="tr">
    					<xf:group class="w2tb_th" style="" tagname="th">
    						<w2:textbox class="" id="" label="필수타이틀" ref="" style="" userData2=""></w2:textbox>
    					</xf:group>
    					<xf:group class="w2tb_td" style="" tagname="td">
    						<xf:input class="" id="" placeholder="" style="width:100%;"></xf:input>
    					</xf:group>
    					<xf:group class="w2tb_th " tagname="th">
    						<w2:attributes></w2:attributes>
    						<w2:textbox class="" id="" label="항목타이틀" ref="" style="" userData2=""></w2:textbox>
    					</xf:group>
    					<xf:group class="w2tb_td" tagname="td">
    						<w2:attributes></w2:attributes>
    						<xf:input class="" id="" placeholder="" style="width:100%;"></xf:input>
    					</xf:group>
    				</xf:group>
    				<xf:group tagname="tr">
    					<xf:group class="w2tb_th " tagname="th">
    						<w2:attributes>
    							<w2:scope>row</w2:scope>
    						</w2:attributes>
    						<w2:textbox class="" id="" label="항목타이틀" ref="" style="" userData2=""></w2:textbox>
    					</xf:group>
    					<xf:group class="w2tb_td" tagname="td">
    						<w2:attributes>
    							<w2:colspan>3</w2:colspan>
    							<w2:rowspan>1</w2:rowspan>
    						</w2:attributes>
    						<xf:input class="" id="" placeholder="" style="width:100%;"></xf:input>
    					</xf:group>
    				</xf:group>
    				<xf:group style="" tagname="tr">
    					<xf:group class="w2tb_th " tagname="th">
    						<w2:attributes>
    							<w2:scope>row</w2:scope>
    						</w2:attributes>
    						<w2:textbox class="" id="" label="항목타이틀" ref="" style="" userData2=""></w2:textbox>
    					</xf:group>
    					<xf:group class="w2tb_td" tagname="td">
    						<w2:attributes>
    							<w2:colspan>3</w2:colspan>
    							<w2:rowspan>1</w2:rowspan>
    						</w2:attributes>
    						<xf:input class="" id="" placeholder="" style="width:100%;"></xf:input>
    					</xf:group>
    				</xf:group>
    			</xf:group>
    		</xf:group>
    		<xf:group class="guide_arrow type2" id="" style="">
    			<xf:group class="arrow" id="" style="width:150px;">
    				<xf:group id="">
    					<w2:span id="" label="1/6" style=""></w2:span>
    				</xf:group>
    			</xf:group>
    			<xf:group class="arrow" id="" style="width:auto;">
    				<xf:group id="">
    					<w2:span id="" label="2/6" style=""></w2:span>
    				</xf:group>
    			</xf:group>
    			<xf:group class="arrow" id="" style="width:150px;">
    				<xf:group id="">
    					<w2:span id="" label="1/6" style=""></w2:span>
    				</xf:group>
    			</xf:group>
    			<xf:group class="arrow" id="" style="width:auto;">
    				<xf:group id="">
    					<w2:span id="" label="2/6" style=""></w2:span>
    				</xf:group>
    			</xf:group>
    		</xf:group>
    		<xf:group class="dfbox" id="" style="">
    			<w2:textbox class="" id="" label="4단테이블" style="" tagname="h3"></w2:textbox>
    		</xf:group>
    		<xf:group class="tbbox" id="" style="">
    			<xf:group adaptive="layout" adaptiveThreshold="600" class="w2tb tb" id="" style="" tagname="table">
    				<w2:attributes>
    					<w2:summary></w2:summary>
    				</w2:attributes>
    				<xf:group tagname="colgroup">
    					<xf:group style="width:100px;" tagname="col"></xf:group>
    					<xf:group style="" tagname="col"></xf:group>
    					<xf:group style="width:100px;" tagname="col"></xf:group>
    					<xf:group style="" tagname="col"></xf:group>
    					<xf:group style="width:100px;" tagname="col"></xf:group>
    					<xf:group style="" tagname="col"></xf:group>
    					<xf:group style="width:100px;" tagname="col"></xf:group>
    					<xf:group style="" tagname="col"></xf:group>
    				</xf:group>
    				<xf:group style="" tagname="tr">
    					<xf:group class="w2tb_th" style="" tagname="th">
    						<w2:textbox class="req" id="" label="필수타이틀" ref="" style="" userData2=""></w2:textbox>
    					</xf:group>
    					<xf:group class="w2tb_td" style="" tagname="td">
    						<xf:input class="" id="" placeholder="" style="width:100%;"></xf:input>
    					</xf:group>
    					<xf:group class="w2tb_th " tagname="th">
    						<w2:attributes></w2:attributes>
    						<w2:textbox class="" id="" label="항목타이틀" ref="" style="" userData2=""></w2:textbox>
    					</xf:group>
    					<xf:group class="w2tb_td" tagname="td">
    						<w2:attributes></w2:attributes>
    						<xf:input class="" id="" placeholder="" style="width:100%;"></xf:input>
    					</xf:group>
    					<xf:group class="w2tb_th " tagname="th">
    						<w2:attributes>
    							<w2:scope>row</w2:scope>
    						</w2:attributes>
    						<w2:textbox class="" id="" label="항목타이틀" ref="" style="" userData2=""></w2:textbox>
    					</xf:group>
    					<xf:group class="w2tb_td" tagname="td">
    						<w2:attributes></w2:attributes>
    						<xf:input class="" id="" placeholder="" style="width:100%;"></xf:input>
    					</xf:group>
    					<xf:group class="w2tb_th " tagname="th">
    						<w2:attributes>
    							<w2:scope>row</w2:scope>
    						</w2:attributes>
    						<w2:textbox class="" id="" label="항목타이틀" ref="" style="" userData2=""></w2:textbox>
    					</xf:group>
    					<xf:group class="w2tb_td" tagname="td">
    						<w2:attributes></w2:attributes>
    						<xf:input class="" id="" placeholder="" style="width:100%;"></xf:input>
    					</xf:group>
    				</xf:group>
    				<xf:group tagname="tr">
    					<xf:group class="w2tb_th" tagname="th">
    						<w2:attributes>
    							<w2:scope>row</w2:scope>
    						</w2:attributes>
    						<w2:textbox class="" id="" label="항목타이틀" ref="" style="" userData2=""></w2:textbox>
    					</xf:group>
    					<xf:group class="w2tb_td" tagname="td">
    						<w2:attributes></w2:attributes>
    						<xf:input class="" id="" placeholder="" style="width:100%;"></xf:input>
    					</xf:group>
    					<xf:group class="w2tb_th " tagname="th">
    						<w2:attributes>
    							<w2:scope>row</w2:scope>
    						</w2:attributes>
    						<w2:textbox class="" id="" label="항목타이틀" ref="" style="" userData2=""></w2:textbox>
    					</xf:group>
    					<xf:group class="w2tb_td" tagname="td">
    						<w2:attributes></w2:attributes>
    						<xf:input class="" id="" placeholder="" style="width:100%;"></xf:input>
    					</xf:group>
    					<xf:group class="w2tb_th " tagname="th">
    						<w2:attributes>
    							<w2:scope>row</w2:scope>
    						</w2:attributes>
    						<w2:textbox class="" id="" label="항목타이틀" ref="" style="" userData2=""></w2:textbox>
    					</xf:group>
    					<xf:group class="w2tb_td" tagname="td">
    						<w2:attributes></w2:attributes>
    						<xf:input class="" id="" placeholder="" style="width:100%;"></xf:input>
    					</xf:group>
    					<xf:group class="w2tb_th " tagname="th">
    						<w2:attributes>
    							<w2:scope>row</w2:scope>
    						</w2:attributes>
    						<w2:textbox class="" id="" label="항목타이틀" ref="" style="" userData2=""></w2:textbox>
    					</xf:group>
    					<xf:group class="w2tb_td" tagname="td">
    						<w2:attributes></w2:attributes>
    						<xf:input class="" id="" placeholder="" style="width:100%;"></xf:input>
    					</xf:group>
    				</xf:group>
    				<xf:group tagname="tr">
    					<xf:group class="w2tb_th" tagname="th">
    						<w2:attributes>
    							<w2:scope>row</w2:scope>
    						</w2:attributes>
    						<w2:textbox class="" id="" label="항목타이틀" ref="" style="" userData2=""></w2:textbox>
    					</xf:group>
    					<xf:group class="w2tb_td" tagname="td">
    						<w2:attributes></w2:attributes>
    						<xf:input class="" id="" placeholder="" style="width:100%;"></xf:input>
    					</xf:group>
    					<xf:group class="w2tb_th " tagname="th">
    						<w2:attributes>
    							<w2:scope>row</w2:scope>
    						</w2:attributes>
    						<w2:textbox class="" id="" label="항목타이틀" ref="" style="" userData2=""></w2:textbox>
    					</xf:group>
    					<xf:group class="w2tb_td" tagname="td">
    						<w2:attributes></w2:attributes>
    						<xf:input class="" id="" placeholder="" style="width:100%;"></xf:input>
    					</xf:group>
    					<xf:group class="w2tb_th " tagname="th">
    						<w2:attributes>
    							<w2:scope>row</w2:scope>
    						</w2:attributes>
    						<w2:textbox class="" id="" label="항목타이틀" ref="" style="" userData2=""></w2:textbox>
    					</xf:group>
    					<xf:group class="w2tb_td" tagname="td">
    						<w2:attributes></w2:attributes>
    						<xf:input class="" id="" placeholder="" style="width:100%;"></xf:input>
    					</xf:group>
    					<xf:group class="w2tb_th " tagname="th">
    						<w2:attributes>
    							<w2:scope>row</w2:scope>
    						</w2:attributes>
    						<w2:textbox class="" id="" label="항목타이틀" ref="" style="" userData2=""></w2:textbox>
    					</xf:group>
    					<xf:group class="w2tb_td" tagname="td">
    						<w2:attributes></w2:attributes>
    						<xf:input class="" id="" placeholder="" style="width:100%;"></xf:input>
    					</xf:group>
    				</xf:group>
    			</xf:group>
    		</xf:group>
    		<xf:group class="guide_arrow type2" id="" style="">
    			<xf:group class="arrow" id="" style="width:25%;">
    				<xf:group id="">
    					<w2:span id="" label="1/4" style=""></w2:span>
    				</xf:group>
    			</xf:group>
    			<xf:group class="arrow" id="" style="width:25%;">
    				<xf:group id="">
    					<w2:span id="" label="1/4" style=""></w2:span>
    				</xf:group>
    			</xf:group>
    			<xf:group class="arrow" id="" style="width:25%;">
    				<xf:group id="">
    					<w2:span id="" label="1/4" style=""></w2:span>
    				</xf:group>
    			</xf:group>
    			<xf:group class="arrow" id="" style="width:25%;">
    				<xf:group id="">
    					<w2:span id="" label="1/4" style=""></w2:span>
    				</xf:group>
    			</xf:group>
    		</xf:group>
    	</xf:group>
    </body>
</html>
