<?xml version="1.0" encoding="UTF-8"?>
<html xmlns="http://www.w3.org/1999/xhtml"
    xmlns:ev="http://www.w3.org/2001/xml-events"
    xmlns:w2="http://www.inswave.com/websquare" xmlns:xf="http://www.w3.org/2002/xforms">
    <head>
        <w2:type>COMPONENT</w2:type>
        <w2:buildDate/>
        <w2:MSA/>
        <xf:model>
            <w2:dataCollection baseNode="map"/>
            <w2:workflowCollection/>
        </xf:model>
        <w2:layoutInfo/>
        <w2:publicInfo method=""/>
        <script lazy="false" type="text/javascript"><![CDATA[
scwin.onpageload = function() {
	
};
]]></script>
    </head>
    <body ev:onpageload="scwin.onpageload">
    	<xf:group class="top_box" id="" style="" tagname="">
    		<w2:textbox class="con_tit" id="" label="Tree" style=""></w2:textbox>
    		<w2:textbox class="con_txt" escape="false" id="" label="계층 구조를 가지는 데이터를, &amp;nbsp;Tree형태로 출력하는 컴포넌트입니다. "
    			style="">
    		</w2:textbox>
    		<xf:group class="" id="primary" style=""></xf:group>
    		<xf:group class="tab_anchor" id="" style="" tagname="ul">
    			<xf:group class="on" id="" tagname="li">
    				<w2:anchor class="" id="" outerDiv="false" style="">
    					<xf:label><![CDATA[Examples]]></xf:label>
    				</w2:anchor>
    			</xf:group>
    			<xf:group id="" tagname="li">
    				<w2:anchor id="" outerDiv="false" style="">
    					<xf:label><![CDATA[Snippet]]></xf:label>
    				</w2:anchor>
    			</xf:group>
    			<xf:group id="" tagname="li">
    				<w2:anchor id="" outerDiv="false" style="">
    					<xf:label><![CDATA[Dark Theme]]></xf:label>
    				</w2:anchor>
    			</xf:group>
    		</xf:group>
    	</xf:group>
    	<xf:group class="contbox" id="" style="">
    		<xf:group class="subtitbox" id="" style="" tagname="">
    			<w2:textbox class="subtit" id="" label="트리" style=""></w2:textbox>
    		</xf:group>
    		<xf:group class="dfbox" id="" style="" tagname="">
    			<w2:textbox class="subtxt" escape="false" id=""
    				label="· 각 노드에 checkbox와 image(icon)를 넣을 수 있습니다. &lt;br/&gt;· 접혀 있는 상태는 ‘+’ , 펼쳐져 있는 상태는 ‘-’ 표시를 하며, 하위 Data가 없는 경우는 ‘+’, ‘-’ 표시를 하지 않습니다."
    				style="">
    			</w2:textbox>
    		</xf:group>
    		<xf:group class="subtitbox" id="" style="" tagname=""></xf:group>
    		<xf:group class="tvwbox " id="" style="">
    			<w2:treeview class="wq_tvw" dataType="listed" id="" style="height:270px;" tooltipGroupClass="false">
    				<w2:node>
    					<w2:label><![CDATA[메뉴1]]></w2:label>
    					<w2:value><![CDATA[]]></w2:value>
    					<w2:folder><![CDATA[]]></w2:folder>
    					<w2:checkbox><![CDATA[]]></w2:checkbox>
    					<w2:checkboxDisabled><![CDATA[]]></w2:checkboxDisabled>
    					<w2:image><![CDATA[]]></w2:image>
    					<w2:iconImage><![CDATA[]]></w2:iconImage>
    					<w2:selectedImage><![CDATA[]]></w2:selectedImage>
    					<w2:expandedImage><![CDATA[]]></w2:expandedImage>
    					<w2:leafImage><![CDATA[]]></w2:leafImage>
    					<w2:node>
    						<w2:label><![CDATA[메뉴1-1]]></w2:label>
    						<w2:value><![CDATA[]]></w2:value>
    						<w2:folder><![CDATA[]]></w2:folder>
    						<w2:checkbox><![CDATA[]]></w2:checkbox>
    						<w2:checkboxDisabled><![CDATA[]]></w2:checkboxDisabled>
    						<w2:image><![CDATA[]]></w2:image>
    						<w2:iconImage><![CDATA[]]></w2:iconImage>
    						<w2:selectedImage><![CDATA[]]></w2:selectedImage>
    						<w2:expandedImage><![CDATA[]]></w2:expandedImage>
    						<w2:leafImage><![CDATA[]]></w2:leafImage>
    						<w2:node>
    							<w2:label><![CDATA[메뉴1-1-1]]></w2:label>
    							<w2:value><![CDATA[]]></w2:value>
    							<w2:folder><![CDATA[]]></w2:folder>
    							<w2:checkbox><![CDATA[]]></w2:checkbox>
    							<w2:checkboxDisabled><![CDATA[]]></w2:checkboxDisabled>
    							<w2:image><![CDATA[]]></w2:image>
    							<w2:iconImage><![CDATA[]]></w2:iconImage>
    							<w2:selectedImage><![CDATA[]]></w2:selectedImage>
    							<w2:expandedImage><![CDATA[]]></w2:expandedImage>
    							<w2:leafImage><![CDATA[]]></w2:leafImage>
    						</w2:node>
    					</w2:node>
    					<w2:node>
    						<w2:label><![CDATA[메뉴1-2]]></w2:label>
    						<w2:value><![CDATA[]]></w2:value>
    						<w2:folder><![CDATA[]]></w2:folder>
    						<w2:checkbox><![CDATA[]]></w2:checkbox>
    						<w2:checkboxDisabled><![CDATA[]]></w2:checkboxDisabled>
    						<w2:image><![CDATA[]]></w2:image>
    						<w2:iconImage><![CDATA[]]></w2:iconImage>
    						<w2:selectedImage><![CDATA[]]></w2:selectedImage>
    						<w2:expandedImage><![CDATA[]]></w2:expandedImage>
    						<w2:leafImage><![CDATA[]]></w2:leafImage>
    					</w2:node>
    				</w2:node>
    				<w2:node>
    					<w2:label><![CDATA[메뉴2]]></w2:label>
    					<w2:value><![CDATA[]]></w2:value>
    					<w2:folder><![CDATA[]]></w2:folder>
    					<w2:checkbox><![CDATA[]]></w2:checkbox>
    					<w2:checkboxDisabled><![CDATA[]]></w2:checkboxDisabled>
    					<w2:image><![CDATA[]]></w2:image>
    					<w2:iconImage><![CDATA[]]></w2:iconImage>
    					<w2:selectedImage><![CDATA[]]></w2:selectedImage>
    					<w2:expandedImage><![CDATA[]]></w2:expandedImage>
    					<w2:leafImage><![CDATA[]]></w2:leafImage>
    					<w2:node>
    						<w2:label><![CDATA[메뉴2-1]]></w2:label>
    						<w2:value><![CDATA[]]></w2:value>
    						<w2:folder><![CDATA[]]></w2:folder>
    						<w2:checkbox><![CDATA[]]></w2:checkbox>
    						<w2:checkboxDisabled><![CDATA[]]></w2:checkboxDisabled>
    						<w2:image><![CDATA[]]></w2:image>
    						<w2:iconImage><![CDATA[]]></w2:iconImage>
    						<w2:selectedImage><![CDATA[]]></w2:selectedImage>
    						<w2:expandedImage><![CDATA[]]></w2:expandedImage>
    						<w2:leafImage><![CDATA[]]></w2:leafImage>
    						<w2:node>
    							<w2:label><![CDATA[메뉴2-1-1]]></w2:label>
    							<w2:value><![CDATA[]]></w2:value>
    							<w2:folder><![CDATA[]]></w2:folder>
    							<w2:checkbox><![CDATA[]]></w2:checkbox>
    							<w2:checkboxDisabled><![CDATA[]]></w2:checkboxDisabled>
    							<w2:image><![CDATA[]]></w2:image>
    							<w2:iconImage><![CDATA[]]></w2:iconImage>
    							<w2:selectedImage><![CDATA[]]></w2:selectedImage>
    							<w2:expandedImage><![CDATA[]]></w2:expandedImage>
    							<w2:leafImage><![CDATA[]]></w2:leafImage>
    						</w2:node>
    					</w2:node>
    					<w2:node>
    						<w2:label><![CDATA[메뉴2-2]]></w2:label>
    						<w2:value><![CDATA[]]></w2:value>
    						<w2:folder><![CDATA[]]></w2:folder>
    						<w2:checkbox><![CDATA[]]></w2:checkbox>
    						<w2:checkboxDisabled><![CDATA[]]></w2:checkboxDisabled>
    						<w2:image><![CDATA[]]></w2:image>
    						<w2:iconImage><![CDATA[]]></w2:iconImage>
    						<w2:selectedImage><![CDATA[]]></w2:selectedImage>
    						<w2:expandedImage><![CDATA[]]></w2:expandedImage>
    						<w2:leafImage><![CDATA[]]></w2:leafImage>
    					</w2:node>
    				</w2:node>
    			</w2:treeview>
    		</xf:group>
    		<xf:group class="dfbox" id="" style="" tagname="">
    			<w2:textbox class="subtxt" escape="false" id=""
    				label="· 상위 레벨의 Data를 선택 시 , 전체 하위 레벨도 함께 선택됩니다. &lt;br/&gt;"
    				style="">
    			</w2:textbox>
    		</xf:group>
    		<xf:group class="tvwbox " id="" style="">
    			<w2:treeview class="wq_tvw" dataType="listed" id="" style="height:270px;" tooltipGroupClass="false"
    				checkAllChildNodes="true" showCheckbox="true">
    				<w2:node>
    					<w2:label><![CDATA[메뉴1]]></w2:label>
    					<w2:value><![CDATA[]]></w2:value>
    					<w2:folder><![CDATA[]]></w2:folder>
    					<w2:checkbox><![CDATA[]]></w2:checkbox>
    					<w2:checkboxDisabled><![CDATA[]]></w2:checkboxDisabled>
    					<w2:image><![CDATA[]]></w2:image>
    					<w2:iconImage><![CDATA[]]></w2:iconImage>
    					<w2:selectedImage><![CDATA[]]></w2:selectedImage>
    					<w2:expandedImage><![CDATA[]]></w2:expandedImage>
    					<w2:leafImage><![CDATA[]]></w2:leafImage>
    					<w2:node>
    						<w2:label><![CDATA[메뉴1-1]]></w2:label>
    						<w2:value><![CDATA[]]></w2:value>
    						<w2:folder><![CDATA[]]></w2:folder>
    						<w2:checkbox><![CDATA[]]></w2:checkbox>
    						<w2:checkboxDisabled><![CDATA[]]></w2:checkboxDisabled>
    						<w2:image><![CDATA[]]></w2:image>
    						<w2:iconImage><![CDATA[]]></w2:iconImage>
    						<w2:selectedImage><![CDATA[]]></w2:selectedImage>
    						<w2:expandedImage><![CDATA[]]></w2:expandedImage>
    						<w2:leafImage><![CDATA[]]></w2:leafImage>
    						<w2:node>
    							<w2:label><![CDATA[메뉴1-1-1]]></w2:label>
    							<w2:value><![CDATA[]]></w2:value>
    							<w2:folder><![CDATA[]]></w2:folder>
    							<w2:checkbox><![CDATA[]]></w2:checkbox>
    							<w2:checkboxDisabled><![CDATA[]]></w2:checkboxDisabled>
    							<w2:image><![CDATA[]]></w2:image>
    							<w2:iconImage><![CDATA[]]></w2:iconImage>
    							<w2:selectedImage><![CDATA[]]></w2:selectedImage>
    							<w2:expandedImage><![CDATA[]]></w2:expandedImage>
    							<w2:leafImage><![CDATA[]]></w2:leafImage>
    						</w2:node>
    					</w2:node>
    					<w2:node>
    						<w2:label><![CDATA[메뉴1-2]]></w2:label>
    						<w2:value><![CDATA[]]></w2:value>
    						<w2:folder><![CDATA[]]></w2:folder>
    						<w2:checkbox><![CDATA[]]></w2:checkbox>
    						<w2:checkboxDisabled><![CDATA[]]></w2:checkboxDisabled>
    						<w2:image><![CDATA[]]></w2:image>
    						<w2:iconImage><![CDATA[]]></w2:iconImage>
    						<w2:selectedImage><![CDATA[]]></w2:selectedImage>
    						<w2:expandedImage><![CDATA[]]></w2:expandedImage>
    						<w2:leafImage><![CDATA[]]></w2:leafImage>
    					</w2:node>
    				</w2:node>
    				<w2:node>
    					<w2:label><![CDATA[메뉴2]]></w2:label>
    					<w2:value><![CDATA[]]></w2:value>
    					<w2:folder><![CDATA[]]></w2:folder>
    					<w2:checkbox><![CDATA[]]></w2:checkbox>
    					<w2:checkboxDisabled><![CDATA[]]></w2:checkboxDisabled>
    					<w2:image><![CDATA[]]></w2:image>
    					<w2:iconImage><![CDATA[]]></w2:iconImage>
    					<w2:selectedImage><![CDATA[]]></w2:selectedImage>
    					<w2:expandedImage><![CDATA[]]></w2:expandedImage>
    					<w2:leafImage><![CDATA[]]></w2:leafImage>
    					<w2:node>
    						<w2:label><![CDATA[메뉴2-1]]></w2:label>
    						<w2:value><![CDATA[]]></w2:value>
    						<w2:folder><![CDATA[]]></w2:folder>
    						<w2:checkbox><![CDATA[]]></w2:checkbox>
    						<w2:checkboxDisabled><![CDATA[]]></w2:checkboxDisabled>
    						<w2:image><![CDATA[]]></w2:image>
    						<w2:iconImage><![CDATA[]]></w2:iconImage>
    						<w2:selectedImage><![CDATA[]]></w2:selectedImage>
    						<w2:expandedImage><![CDATA[]]></w2:expandedImage>
    						<w2:leafImage><![CDATA[]]></w2:leafImage>
    						<w2:node>
    							<w2:label><![CDATA[메뉴2-1-1]]></w2:label>
    							<w2:value><![CDATA[]]></w2:value>
    							<w2:folder><![CDATA[]]></w2:folder>
    							<w2:checkbox><![CDATA[]]></w2:checkbox>
    							<w2:checkboxDisabled><![CDATA[]]></w2:checkboxDisabled>
    							<w2:image><![CDATA[]]></w2:image>
    							<w2:iconImage><![CDATA[]]></w2:iconImage>
    							<w2:selectedImage><![CDATA[]]></w2:selectedImage>
    							<w2:expandedImage><![CDATA[]]></w2:expandedImage>
    							<w2:leafImage><![CDATA[]]></w2:leafImage>
    						</w2:node>
    					</w2:node>
    					<w2:node>
    						<w2:label><![CDATA[메뉴2-2]]></w2:label>
    						<w2:value><![CDATA[]]></w2:value>
    						<w2:folder><![CDATA[]]></w2:folder>
    						<w2:checkbox><![CDATA[]]></w2:checkbox>
    						<w2:checkboxDisabled><![CDATA[]]></w2:checkboxDisabled>
    						<w2:image><![CDATA[]]></w2:image>
    						<w2:iconImage><![CDATA[]]></w2:iconImage>
    						<w2:selectedImage><![CDATA[]]></w2:selectedImage>
    						<w2:expandedImage><![CDATA[]]></w2:expandedImage>
    						<w2:leafImage><![CDATA[]]></w2:leafImage>
    					</w2:node>
    				</w2:node>
    			</w2:treeview>
    		</xf:group>
    	</xf:group>
    </body>
</html>
